Anno di presentazione del progetto;Stato del progetto;Tipologia ente;Titolo del progetto;Acronimo del progetto;Ruolo nel progetto;Keyword;Aree tematiche;Tipologia bando;Link al progetto
2021;Approvato;Europei;Beyond the Emergency. Telecare for Non-Communicable Diseases through Simulation Techniques;BeEmTel;Coordinatore;;;Didattica;
2021;Approvato;Europei;Gait Rehabilitation under pandemic conditions;GAITREHAB;n/a;"feedback module; Hospital; Assistive home robot; Werable sensors; Home";;Ricerca;https://gaitrehubproject.com/
2021;Approvato;Extra-Europei;Anti-Racist Pedagogies: a Catalogue of Best Practices for Teaching American Literature in Ethnically Diverse Italy;Anti-Racist-Pedagogies;Coordinatore;;;Ricerca;https://research.uniupo.it/it/projects/anti-racist-pedagogies-a-catalogue-of-best-practices-for-teaching-3
2021;Approvato;Nazionali;DissectINg the complex network of virus-cell Host interactions controlling virAL replication and inflammatory response to identify novel host-targeted Approaches against severe respiratory virus infections.(INHALA);INHALA;Partner;;;;
2021;Approvato;Nazionali;ECO-friendly ultra-porous materials for Hydrogen STORagE;ECOH2STORE;Coordinatore;;;;
2021;Approvato;Nazionali;Hub per il riposizionamento di farmaci nelle malattie rare del sistema nervoso in età pediatrica;Pharma-HUB;Partner;;;Ricerca;
2021;Approvato;Nazionali;Innovative combined medical device encapsulating therapeutic cells to physiologically treat chronic diseases such as hemophilia A;;Coordinatore;;;;
2021;Approvato;Nazionali;Integrated characterisation of anti-tumour immunity following neoadjuvant immunotherapy of Hepatocellular Carcinoma;;Coordinatore;;;Ricerca;
2021;Approvato;Nazionali;NATURAL PRODUCTS-ASSISTED ORGANIC SYNTHESIS;;Partner;;;;
2021;Approvato;Nazionali;NUTRIDIEMME;NUTRIDIEMME;Partner;;;Ricerca;
2021;Approvato;Nazionali;OneMicron - Introducing resistive readout in silicon detectors to achieve micrometer position accuracy with large pixels (150-200 micron^2) and thin sensors (30-50 microns);;Coordinatore;;;;
2021;Approvato;Nazionali;Polymer mETamateriALs for nanophotonicS (PETALS);PETALS;Partner;;;;
2021;Approvato;Nazionali;PUrple Parchment LEgacy. Art History and Heritage Science for the Study of Manuscript Painting from Late Antiquity to the Modern Age (5th-19th centuries);;Partner;;;;
2021;Approvato;Nazionali;RE-Plast: targeting functional and structural plasticity in Alzheimer disease. From diagnosis to treatment;RE-Plast;Partner;;;;
2021;Approvato;Nazionali;Susceptibility to Infectious Diseases in obEsity: an endocRine trAnslational socioLogic Evaluation (SIDERALE);SIDERALE;Partner;;;;
2021;Approvato;Nazionali;Unveiling the hidden side of NEUrodevelopmental DIsorder Genetics (NEUDIG): a multidisciplinary pathway to new molecular diagnoses by integrating genomic, transcriptomic, and functional analyses.;NEUDIG;Partner;;;;
2021;Approvato;Nazionali;xxx titolo da inserire;;Coordinatore;;;Ricerca;
2021;Approvato;Regionali;Allestimento di un laboratorio BSL3 (Biosafety Level-3) per analisi fenotipica varianti SARS-CoV-2, compreso test di infezione per determinazione anticorpi neutralizzanti (NTA);BSL3-NTA;Coordinatore;;;Ricerca;
2021;Approvato;Regionali;Dispositivo per la ventilazione non invasiva a basso consumo di ossigeno in assenza di contaminazione ambientale;DIVOC;Partner;;;Ricerca;
2021;Approvato;Regionali;Innovazione nella produzione dei piccoli frutti piemontesi: valorizzazione della qualità di prodotto e degli scarti/sottoprodotti;INNO.PI.FRUT;Partner;;;Ricerca;
2021;Approvato;Regionali;Modulo Aggiuntivo Covid – MAC ID 29379 del progetto “REti di Assistenza Comunitaria per la fragilità – REACTION – ID 1569821”;REACTION - MAC;Coordinatore;;;Ricerca;
2021;Approvato;Regionali;Nuove Colture Sostenibili per la Funzionalizzazione di Alimenti;CROPS4PROTEIN;Partner;;;Ricerca;
2021;Approvato;Regionali;Piattaforma high-throughput di spettrometria di massa per la lotta contro COVID-19 e future pandemie;MS4CoV;Coordinatore;;;Ricerca;
2021;Approvato;Regionali;SvilUppo di una piattafoRma di Vigilanza gEnomica per IL contrasto della pandemia covid-19;SURVEIL;Coordinatore;;;Ricerca;
2021;Approvato;Regionali;TECNiche multi-OMiche nelle scienze mEDicHe: intelligenza artificiale a supporto della salUte puBblica;TECNOMED-HUB;Coordinatore;;;Ricerca;
2021;Approvato;Europei;Boosting the technical and non-technical skills and competences of smart cities technicians and engineers;SMACITE;Associated partner;;;;
2021;Approvato;Europei;Strategies for health protection, pollution Control and Elimination of Next generAtion RefractIve Organic chemicals from the Soil, vadose zone and water;SCENARIOS;Coordinatore;"Environment; Biodiversity; Human health; Industry; Research; Drinking water; Policy makers";Sostenibilita' e Ambiente;Ricerca;https://scenarios-project.eu/
2021;Approvato;Nazionali;Dissecting the interaction among the intestinal microbiota, obesity and colon cancer development (DiaMOnD);;Coordinatore;"MICROBIOME; Colorectal and/or Intestinal ca.; Mutation (somatic and/or germline); Carcinogenesis; Body mass index (BMI) and/or obesity";;Ricerca;
2021;Approvato;Nazionali;NAMPT as a driver of melanoma progression and immune evasion: therapeutic target for novel combination therapies;;Coordinatore;da inserire;;Ricerca;
2021;Approvato;Nazionali;Targeting SIRT1 to develop novel combinatorial therapeutic approaches against human papillomavirus-associated cancers;;Coordinatore;"Cervix or endometrial ca.; Oncogenic virus/Viral oncology; Head and neck ca.; Human Papilloma virus (HPV); Combination therapy";;Ricerca;
2021;Approvato;Europei;Dealing with a Resurgent China;DWARC;Partner;"EU-China relations; Chinese economy; Chinese party-state politics; Chinese foreign policy; Chinese regional and global strategies; Chinese society and culture";;Ricerca;https://chinahorizons.eu/
2021;Approvato;Nazionali;Agroecology-inspired Strategies and Tools to Enhance Resilience and ecosystem services in tomato crop;ASTER;Partner;tomato;;Ricerca;
2021;Approvato;Nazionali;Nuovi schemi collaborativi tra Università e Uffici Giudiziari Per il miglioramento dell'efficienza e delle Prestazioni della giustizia nell'Italia Nord-Ovest;Next Generation UPP;Partner;not;;Ricerca;
2021;Approvato;Nazionali;String Theory as a bridge between Gauge Theories and Quantum Gravity;;Partner;"D-branes; String theory; quantum gravity; gravitational waves; gauge theories; black holes";;;
2022;Approvato;Europei;Isonitriles: innovative antifungal agents to counteract invasive infections;;Coordinatore;;;Ricerca;
2022;Approvato;Nazionali;4theLINE - Learn, Innovate, Network in the transregional Ecosystem;4theLINE;Coordinatore;;;Ricerca;
2022;Approvato;Nazionali;“Il sito di Santa Maria Maggiore di Vercelli un contesto bioarcheologico di ricerca e formazione”;;Partner;;;Ricerca;
2022;Approvato;Nazionali;AI-LEAP – LEArning Personalization with AI and of AI;AI-LEAP;Partner;;;Ricerca;
2022;Approvato;Nazionali;paper: Heme catabolism by tumor-associated macrophages controls metastasis formation;;capofila da modificare;;;Ricerca;
2022;Approvato;Nazionali;Predicting multiple sclerosis disease activity and progression: development of a prognostic score and decisional support system. PROMISING study;PROMISING study;Partner;;;Ricerca;
2022;Approvato;Nazionali;Role of TRIM28 in inflammation-induced carcinogenesis;;Coordinatore;;;Ricerca;
2022;Approvato;Nazionali;TrustAlert;TrustAlert;Partner;;;Ricerca;
2022;Approvato;Nazionali;Un modo innovativo di utilizzare la chitina: dai rifiuti organici ai tessuti funzionali;AIWTUC;Coordinatore;;;Ricerca;
2022;Approvato;Nazionali;Understanding the basis of tubular aggregate myopathy;;Coordinatore;;;Ricerca;
2022;Approvato;Regionali;Atex - Adavanced Therapies Experiences;ATEX - IV;Coordinatore;;;Ricerca;
2022;Approvato;Regionali;Green logistics: sustainable solutions and interdependencies with production and territorial structures;SSGL - Sustainable Solutions for Green Logistics;Coordinatore;;;;
2022;Approvato;Regionali;Precision medicine in dystrophin cardiomyopathies - characterization of induced pluripotent stem cells (iPSC) derived from Duchenne patients with advanced heart failure using artificial intelligence to differentiate disease pathways and identify predictors for treatment response;iCardioDMD Trial;Coordinatore;;;;
2022;Approvato;Regionali;Reaction;Reaction;Coordinatore;;;Ricerca;
2022;Approvato;Europei;Bacteria Biofilm as bio-factory for tissue regeneration;BIOACTION;Partner;;;;
2022;Approvato;Nazionali;Enabling the potential of the unexplored: exploiting tailored microbial consortia to enhance environmental, societal and economic sustainability and resilience of Italian agro-ecosystems;Micro4Life;Partner;;;;
2022;Approvato;Nazionali;SUMMER;SUMMER;Partner;;;Ricerca;
2022;Approvato;Regionali;Atlas of Typical Products in Eastern Piedmont;ATyPEP;Coordinatore;;;;
2022;Approvato;Regionali;Discovery of new TARgetable cerebrospinal fluid protein COmplexes for the development of new therapeutic approaches for ALS;TARCO-ALS;Coordinatore;;;;
2022;Approvato;Europei;Circular Health European Digital Innovation Hub;CHEDIH;Associated partner;"SME support; Decision support; Health care; Agricultural biotechnology and food biotechnology; Ecosystems; Circular Economy; Artificial Intelligence";Informatica e Scienze Computazionali;Ricerca;https://www.chedih.eu/circular-health-european-digital-innovation-hub/
2022;Approvato;Europei;DIGITAL CRIMINAL INVESTIGATION AND EVIDENCE IN THE EU LAW;EU DiCRI;Coordinatore;;;Didattica;
2022;Approvato;Europei;FUTUREGRAIN: Exploring Rice diversity in agricultural systems and nutritional quality towards healthier food with a lower environmental impact.;FUTUREGRAIN;Partner;"cereals; nutritional quality; Climate change; crop resistance to pests and disease; Biodiversity; Rice; grain; alternatives to pesticides";;Ricerca;
2022;Approvato;Europei;Smart and multiFunctional 3D printable prO-Regenerative biologiCal matrix modulating mEchanotRansduction as advancEd theraPy to treAt skIn chRonic wounds;FORCE REPAIR;Partner;"Proteins; Wound treatment; Healthcare costs; Quality of life; Diabetes; Business Models; Antibiotics; Obesity; Sustainable Development Goals";Salute;Ricerca;https://www.forcerepair-wounds.eu/
2022;Approvato;Europei;The Creation of European Identity through culture in the contemporary period;Cr.E.I.;Coordinatore;;;Didattica;https://www.crei.uniupo.it/
2022;Approvato;Europei;The role of IMMUnity in tackling PARKinson’s disease through a Translational NETwork;IMMUPARKNET;Coordinatore;"Parkinson’s Disease; Immuparknet";;Ricerca;https://immuparknet.eu/about/
2022;Approvato;Nazionali;"&quot;Dipartimenti di Eccellenza 2023-2027&quot; sull'Aging";AGING;Coordinatore;"Traslaging; Aging; Better care for aging; teaching aging";;"Didattica; Ricerca; Terza Missione";
2022;Approvato;Nazionali;Development of artificial intelligence-based multiplex network for individualized risk stratification of prostate cancer;;Coordinatore;"Prostate ca.; Patient risk stratification; Magnetic resonance imaging (MRI); Genomics/toxicogenomics; Artificial Intelligence";;Ricerca;
2022;Approvato;Nazionali;Dietary fructose: a metabolic switch in pediatric obesity-related diseases. Identification of nutritional, biological, omics and social determinants;;Coordinatore;"Dietary fructose; peditric obesity; Diet";;Ricerca;
2022;Approvato;Nazionali;Dissecting the ICOS/ICOSL/OPN triangle in tumors in order to develop combination therapies targeting immune checkpoints;;Coordinatore;"Osteopontin; Costimulatory molecules; Microenvironment; T cells/TCR; Cancer Immunotherapy";;Ricerca;
2022;Approvato;Nazionali;Fighting Western diet-derived AGEs (Advanced glycation end-products) with natural products as a strategy to counteract cancer cachexia;;Coordinatore;Cancer cachexia;;Ricerca;
2022;Approvato;Nazionali;Guided functionalized magnetoliposomes-based delivery systems for a personalized cancer therapy;ARCHER;Coordinatore;Cancer Immunotherapy;;Ricerca;
2022;Approvato;Nazionali;MultiLocal: Multi dimensional inequality and optimization in a local perspective;MultiLocal;Coordinatore;Inequality;;Ricerca;
2022;Approvato;Nazionali;NKX3-2: un nuovo oncogene implicato nella chemoresistenza;;Coordinatore;"chemioresistenza del carcinoma ovarico; NKX3-2";;Ricerca;
2022;Approvato;Europei;"&quot;Human footprint on water from remote cold areas to the tropical belt. INtegrated Approach TO secure water QUAlity by exploiting Sustainable processes&quot;";IN2AQUAS;Partner;"new materials; water pollution; Analytical chemistry; environmental pollution";Sostenibilita' e Ambiente;Ricerca;
2022;Approvato;Europei;A Comprehensive Translational Research and Training Pipeline Harnessing Lipid Metabolism to Improve Prostate Cancer Management and Educate Young Researchers in Tackling Complex Disease;PROSTAMET;Partner;"lipids; lipidomic; prostate cancer; drug development; multiomics";Salute;Ricerca;https://research.uniupo.it/en/projects/a-comprehensive-translational-research-and-training-pipeline-harn
2022;Approvato;Europei;End-to-end multidisciplinary optimal design for improved personalized bioactive glass/ceramic bone substitute implants;REBONE;Partner;"Bone mechanics; Additive manufacturing; Biomechanics; Bone scaffolds";;Ricerca;
2022;Approvato;Europei;moleculAR maTerials for on-chip intEgrated quantuM lIght sourceS;ARTEMIS;Partner;test;;Ricerca;
2022;Approvato;Europei;Speak for Nature: Interdisciplinary Approaches on Ecological Justice;Speak4Nature;Coordinatore;"Biodiversity conservation; Nature; Ecological justice";;Ricerca;https://www.speak4nature.eu/
2022;Approvato;Extra-Europei;SINEUP RNAs: a new platform for treating haploinsufficiency in Autism Spectrum Disorders (ASD);;Partner;Autism Spectrum Disorders (ASD);;Ricerca;
2022;Approvato;Nazionali;4D-Share - DC-coupled resistive readout in silicon sensors with internal gain: signal sharing for ultimate time and space resolution in future 4D tracking;;Coordinatore;"precision timing; LGAD; 4D-tracking; RSD; Silicon sensor";;Ricerca;
2022;Approvato;Nazionali;“Cell-free” MEsenchymal Regenerative therapy for aLpha-1-antitrypsIN deficiency-associated lung diseases (MERLIN);;Coordinatore;"alpha 1 antitrypsin deficiency; regenerative medicine; mesenchymal extracellular vesicles; genetic rare disease; anti-protease activity; anti-inflammatory activity";;Ricerca;
2022;Approvato;Nazionali;A computational pipeline for the analysis of the role of proteins from unknown species in shotgun metagenomics data: application to the study of gut microbiota in a mouse model of Alzheimer's disease.;;Coordinatore;"Bioinformatics; neurology; computational biology; Alzheimer's disease; metagenomics";;Ricerca;
2022;Approvato;Nazionali;Advancing the knowledge of human neutrophils displaying polymorphonucler myeloid-derived suppressor cell (PMN-MDSC) functions;;Partner;"PMN-MDSC; Innate immunity; neutrophils; neutropoiesis";;Ricerca;
2022;Approvato;Nazionali;An interdisciplinary approach to study sediment Flushing operations from alpine reservoirs: Ecological, hydro-Morphological and Management Aspects (FluEMMA);;Coordinatore;"Environment, natural resources and sustainability; Habitat modelling; Biomonitoring; Benthic macroinvertebrates; Water resource management; Mitigation strategies";;Ricerca;
2022;Approvato;Nazionali;BiOmimetic fluorinated nanoProbes for multIscale Tumor detection by MRI and Advanced Raman techniques (OPTIMA);OPTIMA;Partner;"Raman Spectroscopy; Multimodal and multiscale imaging; Colloidal and Interface chemistry; Nanoparticles; 19F-MRI; Biophysical Chemistry";;Ricerca;
2022;Approvato;Nazionali;Bitter taste receptors in Inflammatory Bowel Diseases: possible new drug targets;;Partner;"Inflammation; bitter taste receptors; inflammatory bowel disease; pharmacological target";;Ricerca;
2022;Approvato;Nazionali;Cellular and molecular mechanisms governing immune tolerance to protein and gene replacement therapy in hemophilia (TolerEight);;Coordinatore;"hemophilia; Gene therapy; immunological memory and tolerance; biotherapy";;Ricerca;
2022;Approvato;Nazionali;Censorship and communication in modern Age (XVI-XIX Centuries);;Partner;"Culture; Communication; Censorship; Power; Church; Philosophy";;Ricerca;
2022;Approvato;Nazionali;Characterization of extracellular nicotinamide phosphoribosyltransferase (eNAMPT) as a novel pharmacological target in ovarian cancer;;Partner;"Drug Target; eNAMPT; Ovarian Cancer; Predictive biomarker; pharmacology";;Ricerca;
2022;Approvato;Nazionali;Conceptual Negotiation for a Better Future: An Ethical and Conceptual Investigation;;Coordinatore;"Conceptual Negotiation; Counterfactual Thinking; Moral judgement; Nomological possibility; Branching future; Conceptual analysis";;Ricerca;
2022;Approvato;Nazionali;Constitutive activation of the CD49d/CD29 (VLA-4) integrin in chronic lymphocytic leukemia: the other side of B-cell Receptor autonomous signalling;;Partner;"VLA-4 integrin activation; Chronic lymphocytic leukemia";;Ricerca;
2022;Approvato;Nazionali;CoPE Project (Consumer Protection Effectiveness) - Towards a Digital Effectiveness of Consumer Protection Through Self-Executing Remedies and ADR Systems: An Empirical Approach to European Private Law;;Partner;"european contracts law; private law; economic private law; innovative technologies and ADR systems; consumer law; comparative private law";;Ricerca;
2022;Approvato;Nazionali;Deciphering the mechanistic details of Mycobacterium tuberculosis nucleotide excision repair and related proteins as key players of bacterial persistence and adaptation: structure-based insights for anti-evolution drug design;;Partner;"DNA repair; host-pathogen interactions; DNA damage; cryo-EM; Nucleotide excision repair; Tuberculosis";;Ricerca;
2022;Approvato;Nazionali;Deciphering the role of gasotransmitters in myeloid cells-mediated immunosuppression in cancer.;;Partner;"Innate immunity; adaptive immunity; immunity and related disorders; Cancer; immunosuppression; epigenetics and gene regulation";;Ricerca;
2022;Approvato;Nazionali;Decoding dysfunctional RNA transcription and processing by dominant haploinsufficiency in Autism Spectrum Disorders (ASD): rescue by SINEUP translational regulators.;;Partner;"Alternative splicing and back-splicing; SINEUP-translation activators; Autism Spectrum Disorders (ASD); Genetic risk factors; Transcriptional dysregulation; Non-coding RNAs";;Ricerca;
2022;Approvato;Nazionali;Design of paramagnetic metal complexes for improved MRI-guided drug-release applications;;Partner;NMR relaxometry;;Ricerca;
2022;Approvato;Nazionali;Developing proprietary fluorescent probes targeting high grade gliomas into useful tools for oncosurgery and theranostic;;Partner;"tumor suppressors; Pathways regulated by oncogenes; tumor cell phenotype and behavior";;Ricerca;
2022;Approvato;Nazionali;Development of innovative preclinical ready pan-coronavirus antivirals: prepare to look forward (Acronym: DIRECT);;Partner;"Medicinal chemistry; Drug Discovery; Infection disease; Virology; Host Targeting Antivirals";;Ricerca;
2022;Approvato;Nazionali;Dialogic interaction in diachrony: a pragmatic history of the Italian language - DIADIta;;Coordinatore;"dialogic interaction; italian; pragmatic annotation; pragmatic change; historical pragmatics; corpus-based analysis";;Ricerca;
2022;Approvato;Nazionali;Dissecting the crosstalk between infected and bystander cells during human cytomegalovirus and Zika virus infection to discover novel pathogenetic mechanisms and therapeutical targets;;Coordinatore;"Zika virus (ZIKV); Cytomegalovirus (HCMV); Virus-Induced Senescence (VIS); Neurotropic viruses; Brain organoids; Paracrine senescence";;Ricerca;
2022;Approvato;Nazionali;Dissecting the host cellular response to develop novel host-targeted approaches against RNA viruses;;Partner;"Inflammation; Lipid metabolism; Antivirals; Host-targeted therapy; RNA virus; Innate immunity";;Ricerca;
2022;Approvato;Nazionali;Dissecting the impact of mutant p53 in life-death decisions of cancer cells exposed to microenvironmental stress;;Partner;"Unfolded Protein Response; Ferroptosis; Cancer; ATF6; Autophagy; ER stress";;Ricerca;
2022;Approvato;Nazionali;Dissecting the pathogenetic mechanisms caused by alteration of lipid homeostasis in NLSDM;;Partner;"Lipid droplet; lipophagy; lipolysis; Cardiomyopathy; Neutral Lipid Storage Disease; Myopathy";;Ricerca;
2022;Approvato;Nazionali;Dissecting the role of Staphylococcus aureus in anti-IL-4/IL-13 and anti-JAK-treated atopic dermatitis patients.;;Coordinatore;"IL4/IL13 blockade; JAK inhibitors; skin microbiota/microbioma; atopic dermatitis; metabolomic; Staphylococcus aureus";;Ricerca;
2022;Approvato;Nazionali;Dynamics of recruitment of macromolecular complexes active on the mycobacterial orisome: mechanistic details and target validation.;;Coordinatore;"Structural Biology; Antibiotic resistance; DNA replication; Mycobacterium tuberculosis; Helicase loaders; Target validation";;Ricerca;
2022;Approvato;Nazionali;EnvELOP: Environmental tuning of microbial rhodopsins Electronic Landscape for New Optogenetic Potentialities;EnvELOP;Coordinatore;;;Ricerca;
2022;Approvato;Nazionali;Environment bioremediation from toxic aldehydes using a versatile Aldehyde Dehydrogenase endowed with broad substrate specificity;;Coordinatore;"Bioremediation; Toxic aldehydes; Biochemistry; Environment safety; Aldehyde Dehydrogenases; Structural modelling";;Ricerca;
2022;Approvato;Nazionali;Evaluation of host and tumor related metabolic asset as possible predictive and prognostic factors in early breast cancer patients candidate to neoadjuvant therapy;;Coordinatore;"Precision medicine; Diagnostic methods and tools; Metabolomics; Artificial Intelligence; Cancer";;Ricerca;
2022;Approvato;Nazionali;Exploiting metabolic vulnerabilities to overcome resistance to targeted therapies in colorectal cancer;;Partner;"molecular medicine; Metabolism; colorectal cancer; Oncology; biomarker discovery; preclinical models";;Ricerca;
2022;Approvato;Nazionali;Exploiting tailored plant genotype x microbiome interaction toward sustainable increase of rice productivity and resilience to climate change;;Partner;"MOLECULAR PLANT-MICROBE INTERACTION; MOLECULAR GENETICS; PLANT GROWTH PROMOTING BACTERIA; QUANTITATIVE GENETICS; PLANT PHYSIOLOGY";;Ricerca;
2022;Approvato;Nazionali;Exploring Spin Dynamics of Earth Abundant Transition Metal Ion Complexes as MRI Diagnostic Probes - STARS;STARS;Partner;"Paramagnetic relaxation; EPR Spectroscopy; medical diagnostic; transition metal ion chelates; NMR relaxometry; Spin dynamics";Salute;Ricerca;
2022;Approvato;Nazionali;Farms on the move. Rethinking the geographies of transhumance’s community-based economies: a more-than-human approach.;FARMO;Partner;"more-than-human geography; human-animal relations; animal geography; food geography; diverse economies";;Ricerca;
2022;Approvato;Nazionali;Fighting WESTERN diet-derived AGEs (advanced glycation end products) with natural compounds to mitigate muscle wasting in sarcobesity (WESTERNAGE).;;Partner;"Diet; Advanced glycation end-product (AGEs); T2 diabetes; Natural compounds; Sarcopenia; Animal models";;Ricerca;
2022;Approvato;Nazionali;Finance disintermediation for climate change mitigation (CLIMFIN);;Coordinatore;"entrepreneurship; climate change mitigation; financial disintermediation; crowdfunding; public funding; venture capital";;Ricerca;
2022;Approvato;Nazionali;Fluorescent and Gadolinium-based Probes for the Targeted Surgery and Neutron Capture Therapy of Glioblastoma;;Partner;"Diagnostic methods and tools; glioblastoma; Biochemistry; Precision medicine; Neurosurgery; Drug Discovery and Design";;Ricerca;
2022;Approvato;Nazionali;Forgetfulness, between rights, duties and technological possibilities;;Partner;"Rights; Digital Archive; Forgetfulness; Memory; Protection";;Ricerca;
2022;Approvato;Nazionali;Gender segregation in specialised medical training;;Coordinatore;"Gendered Professions; career preferences; Gender Segregation; Medical Careers; Gender Inequalities; specialist choice";;Ricerca;
2022;Approvato;Nazionali;Genetic and environment interaction in determining phenotype and progression of ALS (GENIALS);;Partner;"Machine learning; Amyotrophic Lateral Sclerosis; Motor and cognitive phenoype; Genetic-environment interaction; Disease progression; Lifelong lifestyle";;Ricerca;
2022;Approvato;Nazionali;Glial calcineurin as a drug target in inflammatory bowel disorders;;Coordinatore;"inflammatory bowel disease; pharmacology; calcineurin; glia; calcium";;Ricerca;
2022;Approvato;Nazionali;Glycerophospholipid signaling at the interface between osteoclast and T cells;;Coordinatore;"T cell; osteoclast; signal transduction; phospholipase A2; osteoarthritis; diacylglycerol kinase";;Ricerca;
2022;Approvato;Nazionali;Green processes for Rare Earth Elements Separation, recovery & valorization from permanent Magnets (GREEn SM);;Partner;"Rare Earth Elements; Green Chemistry; Circular Economy; Recycling; Critical Raw Materials; Luminescent Materials";;Ricerca;
2022;Approvato;Nazionali;Harnessing iron/2-oxoglutarate dependent demethylases to overcome cancer therapy resistance;;Partner;"Fe(II)/2OG demethylases; DNA hydroxymethylation; Drug resistance; Histone methylation; Metabolism";;Ricerca;
2022;Approvato;Nazionali;Harnessing the host innate immune response against single stranded RNA-positive emerging viruses.;;Coordinatore;"Extracellular vesicles; Innate immunity; Broad-range host-targeting antivirals; Human Coronaviruses; Flaviviruses; ssRNA+ viruses";;Ricerca;
2022;Approvato;Nazionali;Health and Wellbeing of the Elderly;;Coordinatore;Migration;;Ricerca;
2022;Approvato;Nazionali;High-quality and high-performance antibodies for multiplex imaging research and diagnosis.;;Partner;"phage display; Multiplexed imaging techniques; glioblastoma; Hepatocellular Carcinoma; recombinant antibodies; NKG2DL";;Ricerca;
2022;Approvato;Nazionali;Identification of common pathogenic mechanisms driving squamous cell carcinomas of the anogenital tract and head&neck region to develop overarching therapeutic strategies;;Partner;"head and neck cancer; gene editing; SIRT1; TERT; squamous cell carcinoma; anogenital cancer";;Ricerca;
2022;Approvato;Nazionali;IDENTIFICATION OF EPIGENETIC FACTORS RELATED TO ACUTE KIDNEY INJURY (AKI) AND PROGRESSION TO CHRONIC KIDNEY DISEASE (CKD);;Partner;"chronic kidney disease; Epigenetics; AKI biomarkers; acute kidney injury";;Ricerca;
2022;Approvato;Nazionali;Imperial Entanglements: Latecomer Colonial Empires and the “Politics of Comparison” (1880s-1940s);;Partner;"Politics of comparison; Colonial institution-building; Latecomer empires; Colonial rule; Colonial citizenship; Axis imperialism";;Ricerca;
2022;Approvato;Nazionali;Innovative and sustainable processes for the development of Vitamin D nutraceutical from fish waste: extraction, formulation and clinical study for the evaluation of its bioavailability and clinical equivalence (VITADWASTE);;Partner;"Fish waste; Sustainable processes; Nutraceutical; Enzymatic treatment; Vitamin D; Health";;Ricerca;
2022;Approvato;Nazionali;Integration of proteOmics and bioSensing towards the early diagnosis of colorectal cancer: from faecal biomarker discovery to smart devices for large screening tests (OmicSensing);;Partner;"colorectal cancer; Proteomics; Diagnostic biomarkers; Stool matrix";;Ricerca;
2022;Approvato;Nazionali;Interplay between NEuroactiVe stEroids and endoplasmic Reticulum-MitOchondRia intEraction: a novel therapeutic horizon in chemotherapy-induced peripheral neurotoxicity (NEVERMORE);;Partner;"neuroactive steroids; mitochondrial toxicity; endoplasmic reticulum-mitochondria interaction; steroidogenesis; chemotherapy-induced peripheral neurotoxicity";;Ricerca;
2022;Approvato;Nazionali;Is it Possible to Improve the Success Rate of Cellular Therapy Based on Mesenchymal Stromal Cells?;;Coordinatore;"microfragmented fat; tissue regeneration; senescence; Cellular therapy; MSC";;Ricerca;
2022;Approvato;Nazionali;iSonitriles: innovative pHarmacOphoric GroUps as aNtibacterial agents against multidrug resistance pathogenic bacteria (SHOGUN);;Coordinatore;"antibacterial; bacterial biofilm inhibition; Medicinal chemistry; Antibiotic resistance; isonitrile; drug design";;Ricerca;
2022;Approvato;Nazionali;Italy outside Italy. Italian intellectual migration and the emergence of a modern European identity;;Partner;"Italian philosophy; Migration; Translation; Italian philosophy in Europe";;Ricerca;
2022;Approvato;Nazionali;Knowledge-generation framework combining a novel Biomimetic Investigation platform and hiGh throughput screening for unravelling bone MECHanotransduction mechanisms in view of precision orthopedic medicine (BIGMECH);;Partner;"in vitro biomimetic investigation platform; machine learning tools; bone mechanotransduction mechanisms; smart adaptive bioreactor; PEMF stimulation; High throughput transcriptomics";;Ricerca;
2022;Approvato;Nazionali;LALALEXiT. Late Latin Lexicon in Transition;;Partner;"Late Latin Literature; Cultural identity; Transition in Late Antiquity; Historical awareness; Late Latin Lexicon";;Ricerca;
2022;Approvato;Nazionali;Landscape ANalyses of immune CEll signatures associated with early Liver metastatic cOlorecTal cancer (LANCELOT);;Coordinatore;"Tumor prognostic transcriptional profiles; Liver metastic colorectal cancer; Immune response; Tumor microenvironment; Single cell RNA/TCR-seq and computational analysis; Mechanism of tumor escape";;Ricerca;
2022;Approvato;Nazionali;LET IN Law. Liberal Arts and Digital Arts: Towards Inclusive Education and Training in Law;LET IN Law;Partner;"jurisprudence; law and humanities; Inclusion; philosophy of law; education and training; digital humanism";"Economia e Diritto; Filosofia e Scienze Sociali";Ricerca;
2022;Approvato;Nazionali;Mathematics standardized assessment as a tool for teachers' professional development;;Partner;"system evaluation; Teachers education; mathematics education";;Ricerca;
2022;Approvato;Nazionali;Measuring, managing and hedging indirect climate-transition risk;;Partner;"Supply chain risk management; Carbon neutrality; Climate transition; Climate risk insurance; Indirect effects of climate-transition risk; Transition risk hedging";;Ricerca;
2022;Approvato;Nazionali;Microbiota and Immune SignatureS of Graves’ disease and Orbitopathy (MISS.GO);;Partner;"metagenomics; Microbiota; Metabolomics; adaptive immunity; Metaproteomics; Graves' disease";;Ricerca;
2022;Approvato;Nazionali;Molecular Quantum Light Sources (QuantaMol);;Coordinatore;"Lanthanide complexes; Quantum science; Metal complexes; Nonlinear optics; Luminescence; Hybrid materials";;Ricerca;
2022;Approvato;Nazionali;Nanostructured MgB2 to KEEP in protection and Conservation of Archival and Librarian Materials (KEEP CALM);;Partner;"Magnesium Diboride; Antibacterial properties; Manuscripts; Nano-structured compounds; Library and archival material; Conservation";;Ricerca;
2022;Approvato;Nazionali;NOrCa - Not Ordinary Cannabis - Exploring the chemical space around hemp (Cannabis sativa L.) waste and by-products from a circular economy perspective;;Partner;"Circular Economy; Cannabis sativa L.; By-products; Hemp; Bioactive compounds; Waste material";;Ricerca;
2022;Approvato;Nazionali;Novel cell and gene therapy approach on patient-specific endothelial cells and iPSCs-derived megakaryocytes to correct the dysfunctional release of lysosome-related organelles in Hermansky- Pudlak syndrome;;Coordinatore;"induced pluripotent stem cells (iPSCs); lentiviral vector; Hermansky-Pudlak syndrome; megakaryocytes; endothelial colony forming cells; cell and gene therapy";;Ricerca;
2022;Approvato;Nazionali;Personalized Internet-Based Multi-Approach Treatment for Suicide Prevention (MoshiMoshi): Design, Implementation, Pilot on Feasibility and Randomized Controlled Trial on Efficacy;;Partner;"Cognitive-Behavioral Treatment; Inpatients; Internet-Based Intervention; Randomized Controlled Trial; Suicide";;Ricerca;
2022;Approvato;Nazionali;PERTINENT- PhEnotyping ReTinitis pIgmeNtosa (RP11) modEls aNd effective Therapies;;Coordinatore;"Retinitis pigmentosa; Rare diseases; Omics; Gene-therapy; Haploinsufficiency; RNA-based therapy";;Ricerca;
2022;Approvato;Nazionali;Perturbation problems and asymptotics for elliptic differential equations: variational and potential theoretic methods;;Coordinatore;"integral representation of solutions; Spectral geometry; Perturbation of PDEs; shape sensitivity analisys; singular perturbations; series solutions to PDEs";;Ricerca;
2022;Approvato;Nazionali;Phase I/II study and long-term follow-up of Adipose-derived Mesenchymal stromal cell infusion in critically ill patients with concomitant acute LUng and KIdney failure (AM-LU-KI study);;Coordinatore;"Extracellular vesicles; Acute Respiratory Distress Syndrome (ARDS); Stem Cells; Inflammation; regenerative medicine; Acute Kidney Injury (AKI)";;Ricerca;
2022;Approvato;Nazionali;Pierres errantes. Stones' journeys from Antiquity to the Middle Ages, from the Eastern Mediterranean to the Alps;;Partner;"Roman and Medieval archaeology; Re-use: processes and ideology; Heritage; Restoration; Petrography; Better Value of Heritage";;Ricerca;
2022;Approvato;Nazionali;Polymer-nanofiller Compatibilization in Mixed Matrix Membranes for advanced gas separation (COM3);;Coordinatore;"Mixed matrix membranes; Interfacial compatibilization of fillers; Polymers of Intrinsic Microporosity; Structure - properties relationships; Gas separation; Perfluoropolymers";;Ricerca;
2022;Approvato;Nazionali;PRISMA - Participation and Integration of migrants in Small and Medium Towns: analysing access and accessibility of social and health services through structures, networks and narratives.;PRISMA;Coordinatore;"Welfare; inclusione; Migranti; Partecipazione; Servizi socio-sanitari; small and medium towns";;Ricerca;
2022;Approvato;Nazionali;PROTECTED - By-PROducts based innovative TEchnologies for green and low Cost acTivE wounD dressings -;;Coordinatore;"local economy; active dressing; by-product; Green Chemistry; surface functionalization; sustainable materials";;Ricerca;
2022;Approvato;Nazionali;RE.S.O.U.R.C.E. - REshaping Services Organisation for Upcoming Resilient and Community-based Ecosystems;RE.S.O.U.R.C.E.;Coordinatore;"contract law; cooperation; partecipation; resilience; social services of general interest";;Ricerca;
2022;Approvato;Nazionali;Reconceptualising immigration: from exceptionality to normality;;Partner;"liberalism; ethics of migration; public ethics; social justice; political philosophy; ideal theory";;Ricerca;
2022;Approvato;Nazionali;Reframing globalization in european peripheries: intellectual and expert networks facing political and economic transformations (1975-2022);;Partner;"Intellectuals; Experts; Democratization; Globalization";;Ricerca;
2022;Approvato;Nazionali;Renegotiating Europe's indentities. Trans-integrations, cross-roads and bordes in East-Central Europe.;;Partner;"European integration; German Literature; History of eastern Europe; Jewish culture; Modern and contemporary history; Cultural Studies";;Ricerca;
2022;Approvato;Nazionali;Rethinking the Theory and Practice of Greenwashing;;Partner;"normative political theory; democratic deliberation; environmentalism; Climate change; social justice";;Ricerca;
2022;Approvato;Nazionali;Rethinking, Understanding Modal particles (RUM);;Partner;"Syntax; Discourse particles; Romance linguistics; Psycholinguistics; German linguistics";;Ricerca;
2022;Approvato;Nazionali;Revisiting and E-Mapping Theatre Translations of Ancient and Modern Classics in 16th-century France;;Partner;"Early Modern Studies; French Studies; Digital Archives; Digital Editions; Heritage Enhancement; Theatre Translation";;Ricerca;
2022;Approvato;Nazionali;RICE association with beneficial microBIOTA-RICEBIOTA;;Partner;"MOLECULAR GENETICS; MOLECULAR PLANT-MICROBE INTERACTION; MICROBIOME; Rice; CROP RESILIENCE; QUANTITATIVE GENETICS";;Ricerca;
2022;Approvato;Nazionali;Role of mRNA splicing regulation in cancer cachexia;;Partner;"skeletal muscle; Mitochondria; Cancer cachexia; mRNA splicing; Cancer; cell signaling";;Ricerca;
2022;Approvato;Nazionali;Role of Vitamin D as biomarker and potential treatment option of pneumonia and sepsis in elderly subjects.;;Coordinatore;"Systemic inflammatory response; Infectious Diseases; pneumonia; Vitamin D; Elderly; sepsis";;Ricerca;
2022;Approvato;Nazionali;SMART peptides-loaded HYdrogel deriVed from acellular cornea: an Innovative Strategy for corneal regeneratION - (Acronym: SmarthyVision);;Partner;"Tissue engineering; Corneal regeneration; Decellularized porcine cornea; Activity-dependent neuroprotective protein (ADNP)-derived peptide (NAP); Hydrogel; Pituitary adenylate cyclase-activating polypeptide (PACAP)";;Ricerca;
2022;Approvato;Nazionali;SOCIAL WORK AND SUSTAINABLE LOCAL DEVELOPMENT IN ITALY: TOWARDS ECOSOCIAL WORK? (ECOSOW);ECOSOW;Partner;"ecosocial work; ecosocial justice; sustainable local development; ecosocial change; sustainability transitions; ecosocial innovation";;Ricerca;
2022;Approvato;Nazionali;SVILUPPO ECOSOSTENIBILE DI POLIMERI E CARBONI ULTRA POROSI PER LO STOCCAGGIO E IL TRASPORTO DI IDROGENO;ECOSTORE-H2;Coordinatore;Climate change;;Ricerca;
2022;Approvato;Nazionali;The interplay between dopamine and a-synuclein in the early pathogenesis of Parkinson’s disease;;Partner;"a-synuclein; midbrain organoids; dopamine; Parkinson's disease; advanced fluorescence techniques; liposomes";;Ricerca;
2022;Approvato;Nazionali;The use of Pattern Recognition Receptor (PRR) agonists to develop novel combinatorial de-escalation strategy for the treatment of HPV-associated cancers;;Partner;"HPV-associated cancers; RIG-I; Papillomavirus; microRNAs; TLRs; M8";;Ricerca;
2022;Approvato;Nazionali;Titanium engineered surfaces for Innovative bioactive DEntal implant (TIDE);;Coordinatore;"Oral mucosa regeneration; Dental implants; Plasma Electrolytic Oxidation (PEO); Perimplantitis; Antibacterial surface treatments";;Ricerca;
2022;Approvato;Nazionali;TITLE: Epigenetic profiling and liquid biopsy: perspectives for personalized medicine in meningioma patients ACRONYM: MIND: Meningioma epIgeNetic liquiD biopsy;;Partner;"meningiomas; biomarker; mass spectrometry; molecular profiling; Epigenetics; brain tumors";;Ricerca;
2022;Approvato;Nazionali;Towards a sustainable agrifood system: legal tools for the development of European agrifood supply chain;;Partner;"Circular Economy; Common Agricultural Policy; sustainable food system; agri-food supply chain regulation; Food labelling; Agricultural and food law";;Ricerca;
2022;Approvato;Nazionali;TrustAlert;TrustAlert;Partner;"epidemie; epidemiologia computazionale";;Ricerca;
2022;Approvato;Nazionali;Waste Innovative Technological Conversion on Heterogeneous catalysts towards Sustainability (WITCHeS);;Partner;"Lignin Depolymerisation; Hydrodynamic Cavitation; Waste Biomass Valorization; Green Solvents; Microwave-assisted Conversion; Heterogeneous Catalysis";;Ricerca;
2022;Approvato;Regionali;ALDH1A3 as a Novel Therapeutic Target in Mesothelioma: impact of its inhibition on tumour growth and neutrophil recruitment;ALTMeso;Coordinatore;"Target Therapy; Neutrophil; Mesothelioma; Aldehyde Dehydrogenase 1A3";;;
2022;Approvato;Regionali;ATLAS – Ancient Theatre: Literature And Society. New Approaches to the Study of Classical Theatre and its Reception in Early Modern France;ATLAS – Ancient Theatre: Literature And Society;Coordinatore;"Classics and reception studies; Early Modern France; Theatre and Society";;;
2022;Approvato;Regionali;CONceptual Negotiation: EpistemologiCal and poliTical aspects;CONNECT;Coordinatore;"Open Future; Political Change; Conceptual Negotiation; Counterfactual Thinking";;;
2022;Approvato;Regionali;Cybersecurity Risk Governance in Public Administration;CybeR-GoPA;Coordinatore;"Cybersecurity; Computer Sciences; Corporate Organisation; Law";;;
2022;Approvato;Regionali;Developing a Task-Based Multilingual Corpus for teaching, assessing and researching pragmatics in spoken interaction in Italian, German and English;Task-Based Multilingual Corpus (TBMC);Coordinatore;"Corpora; Spoken Interaction; Task; Pragmatics; Intercultural Communication";;;
2022;Approvato;Regionali;Enhancing dRug and bioactivE food compounds delivery by a carrier-in-carrier platform: Sericin nanoparticles embedded in milk-derived extracellulAr vesicLEs;RESALE;Coordinatore;"Extracellular vesicles; Bioactive food compounds; Nanoparticles; Drug Delivery";;;
2022;Approvato;Regionali;Italian Racial Imaginary Deconstructed: Afro-Italianness from the colony to the present;Italian Racial Imaginary Deconstructed (IRIDE);Coordinatore;"Afro-Italianness; Inclusion; Racial Imaginary; Intersectionality";;;
2022;Approvato;Regionali;Light Tuned Drug Delivery by Optimized Hydrogels to be Coated on Upconverting nanoparticles;LiT Up;Coordinatore;;;;
2022;Approvato;Regionali;Metabolomics approach for predicting response to immunotherapy in patients with lung cancer;MetaboLICI;Coordinatore;;;;
2022;Approvato;Regionali;Mobility as a Service (MaaS) at University of Eastern Piedmont (UPO);MaaSUPO;Coordinatore;"UPO Community; MaaS; Sustainable Mobility";;;
2022;Approvato;Regionali;Modern Italian Transports and Military Italian Technique: a historical linguistic study of new technical words in post-unification Italy, with an electronic edition of Alfredo Panzini’s “Dizionario Moderno”;MIT@PANZINIonline;Coordinatore;"History of italian language; Digital Humanities; Italian special languages; Italian Lexicography";;;
2022;Approvato;Regionali;NEw perspeCtivES on the nuclear iSsue in ITalY;NECESSITY;Coordinatore;"Ecological Transition; Attitudes; Nuclear Energy; Nuclear Disaster";;;
2022;Approvato;Regionali;News as Texts: shaping public discourse across modern Europe;NEaT;Coordinatore;"Public Discourse; Italy Spain England; News information dissemination; Textual Analysis";;;
2022;Approvato;Regionali;Philosophy, Atheism and Secularisation: the Birth of Modern Age;PhASe;Coordinatore;"Atheism; Modern Age; Secularisation; Enlightenment";;;
2022;Approvato;Regionali;Skin aging and honey retaining biocompatible supporting formulation: a novel approach for an old natural resource;SAHaRa;Coordinatore;;;;
2022;Approvato;Regionali;Sostainability, environment, work, economy. The value of labour law and economics in the context of climate change;SNOWY;Coordinatore;"Just transition; Labour law; Economic Sciences; Climate change";Sostenibilita' e Ambiente;;
2022;Approvato;Regionali;Spaces and Paths in Late Antiquity: a digital connection for Literature, Archaeology, Law, and Geography;SPaceLat;Coordinatore;"ancient roman law; geography; latin literature; archaelogy";;;
2022;Approvato;Regionali;Tackling Gender Segregation in Medical Specialisation Paths: Choices, Careers, and Opportunity Structure;TAGS;Coordinatore;da inserire;Filosofia e Scienze Sociali;;
2022;Approvato;Regionali;"The biocultural dimensions of Eastern Piedmont's &quot;waterlands&quot;: a multifaceted heritage to originate future development";H20-lands. Heritage to Originate;Coordinatore;"Heritage; Rice; Water; Territorial Development";;;
2022;Approvato;Regionali;The impact of new prenatal genetic tests on the protection of right to health in the Italian National Health Service;IMPROVE-NHS;Coordinatore;"Prenatal Genetic Tests; National Health Service; Right to Health";Salute;;
2023;Approvato;Europei;Erasmus Mundus Joint Master Degree on Public Health in Disaster;EMPHID;Associated partner;;;Didattica;
2023;Approvato;Europei;European Master of Science in Skin Health and Care;EMOTION;Coordinatore;;;;
2023;Approvato;Europei;European Master on the Science of Skin Health and Care;EMOTION;Coordinatore;;;Didattica;
2023;Approvato;Nazionali;Nuovi strumenti automatizzati per il monitoraggio della biodiversità funzionale e delle specie invasive in ambiente urbano;BIOURBAN-IMON;Coordinatore;;;Ricerca;
2023;Approvato;Regionali;QUALITY AND ARTIFICAL INTELLIGENCE SERVICES;QAIS;Partner;;;Ricerca;
2023;Approvato;Regionali;TRAcciabilità e sicurezza delle nocciole ad uso dolCIArio mediante analisi di microelementi e terre rare;TRACCIA;Partner;;;Ricerca;
2023;Approvato;Europei;Business Angels and Crowdinvestors for Startups’ Human Capital;BAC4SHC;Coordinatore;"human capital; crowdfunding; green; digitization; business angels; female entrepreneurs";;Ricerca;
2023;Approvato;Europei;Integrated Models for the Development and Assessment of High Impact Chemicals and Materials;INSIGHT;Partner;Chemical engineering;;Ricerca;
2023;Approvato;Europei;Multi-Actor Research and Innovation Approaches for Functional Food;RIA4FOOD;Partecipante;"food; Proteomics";;Ricerca;
2023;Approvato;Europei;Well-being improvement through the Integration of healthcare and reSearch Data and models with Out border for chronic iMmune-mediated diseases;WISDOM;Partecipante;"comparative genomics; Novel personalised medicine; Genomics";;Ricerca;
2023;Approvato;Nazionali;Combining epigenetic and macrophage reprogramming to boost anti-tumor immunity of malignant pleural mesothelioma;;Coordinatore;"Macrophages and/or monocytes; Cancer Immunotherapy; Mesothelioma; Epigenetics";;Ricerca;
2023;Approvato;Nazionali;Gemello biologico e gemello digiTale di sinovia su chip vascolarizzata analizzato via Webcam nella transizIoNe verSo la medicina 4P per curare l’artrite ReumAtoide;TWINs4RA;Coordinatore;"Gemello su-chip; Synovium; Digital twins; 4P medicine";;Ricerca;
2023;Approvato;Nazionali;Il ruolo di NKX3-2 nel microambiente tumorale ovarico;;Coordinatore;"chemioresistenza nel tunore ovarico; NKX3-2";;Ricerca;
2023;Approvato;Nazionali;Leveraging new chemical modalities for reprogramming IDO1 half-life in cancer immunotherapy;;Coordinatore;"Drug discovery and/or development; Immunotherapy; Small molecule inhibitors; Protein degradation; Preclinical studies";;Ricerca;
2023;Approvato;Nazionali;NASH-induced liver fibrogenesis: characterization of the functional role of lymphocytes;;Coordinatore;"Inflammation; Fibrosis; Liver";;Ricerca;
2023;Approvato;Nazionali;Old dog, new tricks. Inhibiting HDACs using isonitriles. Novel epigenetic drugs against triple negative breast cancer;;Coordinatore;"Triple negative breast ca; Drug discovery and/or development; Chemistry; Organic compounds; Histone modifications";;Ricerca;
2023;Approvato;Nazionali;Sviluppo di un kit DIAGNOstico per la diagnosi di precisione delle polmoniti associate alla ventilazione meccanica (VAP) - DIAGNO-VAP;DIAGNO-VAP;Coordinatore;"medicina di precisione; diagnosi non invasiva; polmonite associata a ventilatore; kit diagnostico";;Ricerca;
2023;Approvato;Nazionali;Sviluppo di un processo pilota “bio-based “e “green” per la valorizzazione di matrici agro-alimentari e materiali organici di recupero;GREEN.VAL.;Coordinatore;"Circular Economy; Metodi bio-based; Valorizzazione scarti; Materie prime seconde; Green Chemistry; Conversione biomasse";;Ricerca;
2023;Approvato;Regionali;LABORATORIO BOSCO 2023-2024;LA.B. 23-24;Partner;"Economia circolare; Filiera locale; Sostenibilità";;Ricerca;
2023;Approvato;Regionali;Sacri Monti: patrimonio comune di valori, laboratorio per la conservazione sostenibile ed una migliore fruibilità turistica dei beni culturali;MAIN10ANCE IV Avviso;Coordinatore;a;;Ricerca;
2023;Approvato;Europei;Adaptation solutions to reduce climate change impact on health in the Mountain area;MOUNTADAPT;Partner;"Public and environmental health; Wellbeing; Mountain biogeographical area; Climate change adaptation";"Sostenibilita' e Ambiente; Salute";Ricerca;https://crimedim.uniupo.it/projects/mountadapt
2023;Approvato;Europei;PREPAREDNESS FOR SOCIETY IN HEALTH CRISES AND DISASTERS;PREPSHIELD;Coordinatore;"Disaster resilience and crisis management; preparedness; co-creation";Salute;Ricerca;https://crimedim.uniupo.it/projects/prepshield
2023;Approvato;Nazionali;Calcineurin inhibition in astrocytes targeted by nanoparticles: a new therapeutic strategy to arrest Alzheimer's disease progression;;Partecipante;;;;
2023;Approvato;Nazionali;Discovery and validation of protein structural complexes in circulating biofluids as novel biomarkers for early diagnosis, prognosis and therapeutic management of patients affected by neurodegenerative disorders;;Partecipante;"cardiovascular; Oncology";;;
2023;Approvato;Nazionali;Sviluppo di un sistema integrato di recupero di aree disturbate basato sull’incremento della biodiversità nei metodi di fitorisanamento;SIMBIOREC;Coordinatore;Pollution (water, soil);Sostenibilita' e Ambiente;Ricerca;
